perturbation,n,mean_abs_delta_prob,max_abs_delta_prob,flip_rate
brightness_up,512,0.009264150634407997,0.30965113639831543,0.009765625
brightness_down,512,0.007766813971102238,0.1611812859773636,0.009765625
contrast_up,512,0.010186651721596718,0.32698899507522583,0.005859375
rotate_pos5,512,0.04133054241538048,0.6271041631698608,0.0390625
rotate_neg5,512,0.04130001738667488,0.5357824563980103,0.03515625
blur,512,0.03267236799001694,0.7451882362365723,0.0234375
